{
  "n_iter": 2500,
  "burn_in": 500,
  "mu_mean": 0.00045752190985708563,
  "sigma2_mean": 0.0009248442698821012,
  "sigma_mean": 0.030411252356358186,
  "nu_mean": 70.8872850983052,
  "accept_rate": 0.128,
  "final_prop_sd": 0.2863614135768007,
  "enforce_nu_gt_2": true,
  "adapt": true,
  "target_accept": 0.3,
  "runtime_seconds": 0.22804021835327148
}