{
  "mu_mean": 0.00047072448517649214,
  "sigma2_mean": 0.0009253620701762822,
  "sigma_mean": 0.030419764466153944,
  "nu_mean": 89.10736439105212,
  "mu_95_ci": [
    -0.0006918751095371683,
    0.0016565914531021634
  ],
  "sigma_mean_95_ci": [
    0.029589002582329618,
    0.03128261752106946
  ],
  "nu_95_ci": [
    58.644316627019386,
    136.6615819479357
  ],
  "accept_rate": 0.2114,
  "final_prop_sd": 0.15965826619555953
}